<?xml version="1.0"?>
<Runs Version="1" Minor="0">
	<Run Id="Projet_Aff_7seg_0_0_synth_1" LaunchDir="M:/UNI/L2/L2 S4/ELE401/Horloge_ELE401/Horloge_ELE401.runs/Projet_Aff_7seg_0_0_synth_1" FlowId="Vivado_Synthesis" FromStepId="vivado" ToStepId="vivado"/>
	<Run Id="synth_1" LaunchDir="M:/UNI/L2/L2 S4/ELE401/Horloge_ELE401/Horloge_ELE401.runs/synth_1" FlowId="Vivado_Synthesis" FromStepId="vivado" ToStepId="vivado">
		<Parent Id="Projet_Aff_7seg_0_0_synth_1"/>
	</Run>
	<Run Id="impl_1" LaunchDir="M:/UNI/L2/L2 S4/ELE401/Horloge_ELE401/Horloge_ELE401.runs/impl_1" FlowId="Vivado_Implementation" FromStepId="init_design" ToStepId="write_bitstream">
		<Parent Id="synth_1"/>
		<Parent Id="Projet_Aff_7seg_0_0_synth_1"/>
	</Run>
	<Parameters>
		<Parameter Name="runs.monitorLSFJobs" Val="true" Type="bool"/>
		<Parameter Name="runs.enableClusterConf" Val="true" Type="bool"/>
	</Parameters>
</Runs>

