<?xml version="1.0" encoding="UTF-8" ?>
<webTalkData  fileName='usage_statistics_webtalk.xml'  majorVersion='1' minorVersion='0' timeStamp='Fri Apr  4 16:55:17 2025'>
<section name="__ROOT__" level="0" order="1" description="">
 <section name="software_version_and_target_device" level="1" order="1" description="">
  <keyValuePair key="beta" value="FALSE" description="" />
  <keyValuePair key="build_version" value="3064766" description="" />
  <keyValuePair key="date_generated" value="Fri Apr  4 16:55:17 2025" description="" />
  <keyValuePair key="os_platform" value="WIN64" description="" />
  <keyValuePair key="product_version" value="Vivado v2020.2 (64-bit)" description="" />
  <keyValuePair key="project_id" value="818df73187cd43ea9325c766ad7b8409" description="" />
  <keyValuePair key="project_iteration" value="55" description="" />
  <keyValuePair key="random_id" value="e2137c012b745d959c38a50f89834aec" description="" />
  <keyValuePair key="registration_id" value="e2137c012b745d959c38a50f89834aec" description="" />
  <keyValuePair key="route_design" value="TRUE" description="" />
  <keyValuePair key="target_device" value="xc7z020" description="" />
  <keyValuePair key="target_family" value="zynq" description="" />
  <keyValuePair key="target_package" value="clg400" description="" />
  <keyValuePair key="target_speed" value="-1" description="" />
  <keyValuePair key="tool_flow" value="Vivado" description="" />
 </section>
 <section name="user_environment" level="1" order="2" description="">
  <keyValuePair key="cpu_name" value="13th Gen Intel(R) Core(TM) i9-13900HX" description="" />
  <keyValuePair key="cpu_speed" value="2419 MHz" description="" />
  <keyValuePair key="os_name" value="Windows Server 2016 or Windows 10" description="" />
  <keyValuePair key="os_release" value="major release  (build 9200)" description="" />
  <keyValuePair key="system_ram" value="34.000 GB" description="" />
  <keyValuePair key="total_processors" value="1" description="" />
 </section>
 <section name="ip_statistics" level="1" order="3" description="">
  <section name="Aff_7seg/1" level="2" order="1" description="">
   <keyValuePair key="core_container" value="NA" description="" />
   <keyValuePair key="iptotal" value="1" description="" />
   <keyValuePair key="x_ipcorerevision" value="1" description="" />
   <keyValuePair key="x_iplanguage" value="VHDL" description="" />
   <keyValuePair key="x_iplibrary" value="module_ref" description="" />
   <keyValuePair key="x_ipname" value="Aff_7seg" description="" />
   <keyValuePair key="x_ipproduct" value="Vivado 2020.2" description="" />
   <keyValuePair key="x_ipsimlanguage" value="MIXED" description="" />
   <keyValuePair key="x_ipvendor" value="xilinx.com" description="" />
   <keyValuePair key="x_ipversion" value="1.0" description="" />
  </section>
  <section name="Alarm/1" level="2" order="2" description="">
   <keyValuePair key="core_container" value="NA" description="" />
   <keyValuePair key="iptotal" value="1" description="" />
   <keyValuePair key="x_ipcorerevision" value="1" description="" />
   <keyValuePair key="x_iplanguage" value="VHDL" description="" />
   <keyValuePair key="x_iplibrary" value="module_ref" description="" />
   <keyValuePair key="x_ipname" value="Alarm" description="" />
   <keyValuePair key="x_ipproduct" value="Vivado 2020.2" description="" />
   <keyValuePair key="x_ipsimlanguage" value="MIXED" description="" />
   <keyValuePair key="x_ipvendor" value="xilinx.com" description="" />
   <keyValuePair key="x_ipversion" value="1.0" description="" />
  </section>
  <section name="BaseDeTemps/1" level="2" order="3" description="">
   <keyValuePair key="core_container" value="NA" description="" />
   <keyValuePair key="iptotal" value="1" description="" />
   <keyValuePair key="x_ipcorerevision" value="1" description="" />
   <keyValuePair key="x_iplanguage" value="VHDL" description="" />
   <keyValuePair key="x_iplibrary" value="module_ref" description="" />
   <keyValuePair key="x_ipname" value="BaseDeTemps" description="" />
   <keyValuePair key="x_ipproduct" value="Vivado 2020.2" description="" />
   <keyValuePair key="x_ipsimlanguage" value="MIXED" description="" />
   <keyValuePair key="x_ipvendor" value="xilinx.com" description="" />
   <keyValuePair key="x_ipversion" value="1.0" description="" />
  </section>
  <section name="Chronometre/1" level="2" order="4" description="">
   <keyValuePair key="core_container" value="NA" description="" />
   <keyValuePair key="iptotal" value="1" description="" />
   <keyValuePair key="x_ipcorerevision" value="1" description="" />
   <keyValuePair key="x_iplanguage" value="VHDL" description="" />
   <keyValuePair key="x_iplibrary" value="module_ref" description="" />
   <keyValuePair key="x_ipname" value="Chronometre" description="" />
   <keyValuePair key="x_ipproduct" value="Vivado 2020.2" description="" />
   <keyValuePair key="x_ipsimlanguage" value="MIXED" description="" />
   <keyValuePair key="x_ipvendor" value="xilinx.com" description="" />
   <keyValuePair key="x_ipversion" value="1.0" description="" />
  </section>
  <section name="Gestion_Mode/1" level="2" order="5" description="">
   <keyValuePair key="core_container" value="NA" description="" />
   <keyValuePair key="iptotal" value="1" description="" />
   <keyValuePair key="x_ipcorerevision" value="1" description="" />
   <keyValuePair key="x_iplanguage" value="VHDL" description="" />
   <keyValuePair key="x_iplibrary" value="module_ref" description="" />
   <keyValuePair key="x_ipname" value="Gestion_Mode" description="" />
   <keyValuePair key="x_ipproduct" value="Vivado 2020.2" description="" />
   <keyValuePair key="x_ipsimlanguage" value="MIXED" description="" />
   <keyValuePair key="x_ipvendor" value="xilinx.com" description="" />
   <keyValuePair key="x_ipversion" value="1.0" description="" />
  </section>
  <section name="Horloge/1" level="2" order="6" description="">
   <keyValuePair key="core_container" value="NA" description="" />
   <keyValuePair key="iptotal" value="1" description="" />
   <keyValuePair key="x_ipcorerevision" value="1" description="" />
   <keyValuePair key="x_iplanguage" value="VHDL" description="" />
   <keyValuePair key="x_iplibrary" value="module_ref" description="" />
   <keyValuePair key="x_ipname" value="Horloge" description="" />
   <keyValuePair key="x_ipproduct" value="Vivado 2020.2" description="" />
   <keyValuePair key="x_ipsimlanguage" value="MIXED" description="" />
   <keyValuePair key="x_ipvendor" value="xilinx.com" description="" />
   <keyValuePair key="x_ipversion" value="1.0" description="" />
  </section>
  <section name="IP_Integrator/1" level="2" order="7" description="">
   <keyValuePair key="bdsource" value="USER" description="" />
   <keyValuePair key="core_container" value="NA" description="" />
   <keyValuePair key="iptotal" value="1" description="" />
   <keyValuePair key="maxhierdepth" value="0" description="" />
   <keyValuePair key="numblks" value="8" description="" />
   <keyValuePair key="numhdlrefblks" value="7" description="" />
   <keyValuePair key="numhierblks" value="0" description="" />
   <keyValuePair key="numhlsblks" value="0" description="" />
   <keyValuePair key="numnonxlnxblks" value="0" description="" />
   <keyValuePair key="numpkgbdblks" value="0" description="" />
   <keyValuePair key="numreposblks" value="8" description="" />
   <keyValuePair key="numsysgenblks" value="0" description="" />
   <keyValuePair key="synth_mode" value="OOC_per_IP" description="" />
   <keyValuePair key="x_iplanguage" value="VHDL" description="" />
   <keyValuePair key="x_iplibrary" value="BlockDiagram" description="" />
   <keyValuePair key="x_ipname" value="Projet" description="" />
   <keyValuePair key="x_ipvendor" value="xilinx.com" description="" />
   <keyValuePair key="x_ipversion" value="1.00.a" description="" />
  </section>
  <section name="Minuteur/1" level="2" order="8" description="">
   <keyValuePair key="core_container" value="NA" description="" />
   <keyValuePair key="iptotal" value="1" description="" />
   <keyValuePair key="x_ipcorerevision" value="1" description="" />
   <keyValuePair key="x_iplanguage" value="VHDL" description="" />
   <keyValuePair key="x_iplibrary" value="module_ref" description="" />
   <keyValuePair key="x_ipname" value="Minuteur" description="" />
   <keyValuePair key="x_ipproduct" value="Vivado 2020.2" description="" />
   <keyValuePair key="x_ipsimlanguage" value="MIXED" description="" />
   <keyValuePair key="x_ipvendor" value="xilinx.com" description="" />
   <keyValuePair key="x_ipversion" value="1.0" description="" />
  </section>
 </section>
 <section name="phys_opt_design_post_place" level="1" order="4" description="">
  <section name="command_line_options" level="2" order="1" description="">
   <keyValuePair key="-aggressive_hold_fix" value="default::[not_specified]" description="" />
   <keyValuePair key="-bram_register_opt" value="default::[not_specified]" description="" />
   <keyValuePair key="-clock_opt" value="default::[not_specified]" description="" />
   <keyValuePair key="-critical_cell_opt" value="default::[not_specified]" description="" />
   <keyValuePair key="-critical_pin_opt" value="default::[not_specified]" description="" />
   <keyValuePair key="-directive" value="default::[not_specified]" description="" />
   <keyValuePair key="-dsp_register_opt" value="default::[not_specified]" description="" />
   <keyValuePair key="-effort_level" value="default::[not_specified]" description="" />
   <keyValuePair key="-fanout_opt" value="default::[not_specified]" description="" />
   <keyValuePair key="-hold_fix" value="default::[not_specified]" description="" />
   <keyValuePair key="-insert_negative_edge_ffs" value="default::[not_specified]" description="" />
   <keyValuePair key="-multi_clock_opt" value="default::[not_specified]" description="" />
   <keyValuePair key="-placement_opt" value="default::[not_specified]" description="" />
   <keyValuePair key="-restruct_opt" value="default::[not_specified]" description="" />
   <keyValuePair key="-retime" value="default::[not_specified]" description="" />
   <keyValuePair key="-rewire" value="default::[not_specified]" description="" />
   <keyValuePair key="-shift_register_opt" value="default::[not_specified]" description="" />
   <keyValuePair key="-uram_register_opt" value="default::[not_specified]" description="" />
   <keyValuePair key="-verbose" value="default::[not_specified]" description="" />
   <keyValuePair key="-vhfn" value="default::[not_specified]" description="" />
  </section>
  <section name="usage" level="2" order="2" description="">
   <keyValuePair key="postths" value="0.000000" description="" />
   <keyValuePair key="posttns" value="-28.334522" description="" />
   <keyValuePair key="postwhs" value="0.000000" description="" />
   <keyValuePair key="postwns" value="-4.146362" description="" />
   <keyValuePair key="preths" value="0.000000" description="" />
   <keyValuePair key="pretns" value="-34.730519" description="" />
   <keyValuePair key="prewhs" value="0.000000" description="" />
   <keyValuePair key="prewns" value="-5.059360" description="" />
  </section>
 </section>
 <section name="report_drc" level="1" order="5" description="">
  <section name="command_line_options" level="2" order="1" description="">
   <keyValuePair key="-append" value="default::[not_specified]" description="" />
   <keyValuePair key="-checks" value="default::[not_specified]" description="" />
   <keyValuePair key="-fail_on" value="default::[not_specified]" description="" />
   <keyValuePair key="-force" value="default::[not_specified]" description="" />
   <keyValuePair key="-format" value="default::[not_specified]" description="" />
   <keyValuePair key="-internal" value="default::[not_specified]" description="" />
   <keyValuePair key="-internal_only" value="default::[not_specified]" description="" />
   <keyValuePair key="-max_msgs_per_check" value="default::[not_specified]" description="" />
   <keyValuePair key="-messages" value="default::[not_specified]" description="" />
   <keyValuePair key="-name" value="default::[not_specified]" description="" />
   <keyValuePair key="-no_waivers" value="default::[not_specified]" description="" />
   <keyValuePair key="-return_string" value="default::[not_specified]" description="" />
   <keyValuePair key="-ruledecks" value="default::[not_specified]" description="" />
   <keyValuePair key="-upgrade_cw" value="default::[not_specified]" description="" />
   <keyValuePair key="-waived" value="default::[not_specified]" description="" />
  </section>
  <section name="results" level="2" order="2" description="">
   <keyValuePair key="zps7-1" value="1" description="" />
  </section>
 </section>
 <section name="report_methodology" level="1" order="6" description="">
  <section name="command_line_options" level="2" order="1" description="">
   <keyValuePair key="-append" value="default::[not_specified]" description="" />
   <keyValuePair key="-checks" value="default::[not_specified]" description="" />
   <keyValuePair key="-fail_on" value="default::[not_specified]" description="" />
   <keyValuePair key="-force" value="default::[not_specified]" description="" />
   <keyValuePair key="-format" value="default::[not_specified]" description="" />
   <keyValuePair key="-messages" value="default::[not_specified]" description="" />
   <keyValuePair key="-name" value="default::[not_specified]" description="" />
   <keyValuePair key="-return_string" value="default::[not_specified]" description="" />
   <keyValuePair key="-slack_lesser_than" value="default::[not_specified]" description="" />
   <keyValuePair key="-waived" value="default::[not_specified]" description="" />
  </section>
  <section name="results" level="2" order="2" description="">
   <keyValuePair key="timing-16" value="7" description="" />
   <keyValuePair key="timing-18" value="32" description="" />
  </section>
 </section>
 <section name="report_power" level="1" order="7" description="">
  <section name="command_line_options" level="2" order="1" description="">
   <keyValuePair key="-advisory" value="default::[not_specified]" description="" />
   <keyValuePair key="-append" value="default::[not_specified]" description="" />
   <keyValuePair key="-file" value="[specified]" description="" />
   <keyValuePair key="-format" value="default::text" description="" />
   <keyValuePair key="-hier" value="default::power" description="" />
   <keyValuePair key="-hierarchical_depth" value="default::4" description="" />
   <keyValuePair key="-l" value="default::[not_specified]" description="" />
   <keyValuePair key="-name" value="default::[not_specified]" description="" />
   <keyValuePair key="-no_propagation" value="default::[not_specified]" description="" />
   <keyValuePair key="-return_string" value="default::[not_specified]" description="" />
   <keyValuePair key="-rpx" value="[specified]" description="" />
   <keyValuePair key="-verbose" value="default::[not_specified]" description="" />
   <keyValuePair key="-vid" value="default::[not_specified]" description="" />
   <keyValuePair key="-xpe" value="default::[not_specified]" description="" />
  </section>
  <section name="usage" level="2" order="2" description="">
   <keyValuePair key="airflow" value="250 (LFM)" description="" />
   <keyValuePair key="ambient_temp" value="25.0 (C)" description="" />
   <keyValuePair key="bi-dir_toggle" value="12.500000" description="" />
   <keyValuePair key="bidir_output_enable" value="1.000000" description="" />
   <keyValuePair key="board_layers" value="8to11 (8 to 11 Layers)" description="" />
   <keyValuePair key="board_selection" value="medium (10&quot;x10&quot;)" description="" />
   <keyValuePair key="clocks" value="0.004338" description="" />
   <keyValuePair key="confidence_level_clock_activity" value="High" description="" />
   <keyValuePair key="confidence_level_design_state" value="High" description="" />
   <keyValuePair key="confidence_level_device_models" value="High" description="" />
   <keyValuePair key="confidence_level_internal_activity" value="Medium" description="" />
   <keyValuePair key="confidence_level_io_activity" value="Low" description="" />
   <keyValuePair key="confidence_level_overall" value="Low" description="" />
   <keyValuePair key="customer" value="TBD" description="" />
   <keyValuePair key="customer_class" value="TBD" description="" />
   <keyValuePair key="devstatic" value="0.106444" description="" />
   <keyValuePair key="die" value="xc7z020clg400-1" description="" />
   <keyValuePair key="dsp_output_toggle" value="12.500000" description="" />
   <keyValuePair key="dynamic" value="0.039927" description="" />
   <keyValuePair key="effective_thetaja" value="11.53" description="" />
   <keyValuePair key="enable_probability" value="0.990000" description="" />
   <keyValuePair key="family" value="zynq" description="" />
   <keyValuePair key="ff_toggle" value="12.500000" description="" />
   <keyValuePair key="flow_state" value="routed" description="" />
   <keyValuePair key="heatsink" value="none" description="" />
   <keyValuePair key="i/o" value="0.027862" description="" />
   <keyValuePair key="input_toggle" value="12.500000" description="" />
   <keyValuePair key="junction_temp" value="26.7 (C)" description="" />
   <keyValuePair key="logic" value="0.003509" description="" />
   <keyValuePair key="mgtavcc_dynamic_current" value="0.000000" description="" />
   <keyValuePair key="mgtavcc_static_current" value="0.000000" description="" />
   <keyValuePair key="mgtavcc_total_current" value="0.000000" description="" />
   <keyValuePair key="mgtavcc_voltage" value="1.000000" description="" />
   <keyValuePair key="mgtavtt_dynamic_current" value="0.000000" description="" />
   <keyValuePair key="mgtavtt_static_current" value="0.000000" description="" />
   <keyValuePair key="mgtavtt_total_current" value="0.000000" description="" />
   <keyValuePair key="mgtavtt_voltage" value="1.200000" description="" />
   <keyValuePair key="mgtvccaux_dynamic_current" value="0.000000" description="" />
   <keyValuePair key="mgtvccaux_static_current" value="0.000000" description="" />
   <keyValuePair key="mgtvccaux_total_current" value="0.000000" description="" />
   <keyValuePair key="mgtvccaux_voltage" value="1.800000" description="" />
   <keyValuePair key="netlist_net_matched" value="NA" description="" />
   <keyValuePair key="off-chip_power" value="0.000000" description="" />
   <keyValuePair key="on-chip_power" value="0.146371" description="" />
   <keyValuePair key="output_enable" value="1.000000" description="" />
   <keyValuePair key="output_load" value="5.000000" description="" />
   <keyValuePair key="output_toggle" value="12.500000" description="" />
   <keyValuePair key="package" value="clg400" description="" />
   <keyValuePair key="pct_clock_constrained" value="1.000000" description="" />
   <keyValuePair key="pct_inputs_defined" value="7" description="" />
   <keyValuePair key="platform" value="nt64" description="" />
   <keyValuePair key="process" value="typical" description="" />
   <keyValuePair key="ram_enable" value="50.000000" description="" />
   <keyValuePair key="ram_write" value="50.000000" description="" />
   <keyValuePair key="read_saif" value="False" description="" />
   <keyValuePair key="set/reset_probability" value="0.000000" description="" />
   <keyValuePair key="signal_rate" value="False" description="" />
   <keyValuePair key="signals" value="0.004217" description="" />
   <keyValuePair key="simulation_file" value="None" description="" />
   <keyValuePair key="speedgrade" value="-1" description="" />
   <keyValuePair key="static_prob" value="False" description="" />
   <keyValuePair key="temp_grade" value="commercial" description="" />
   <keyValuePair key="thetajb" value="7.4 (C/W)" description="" />
   <keyValuePair key="thetasa" value="0.0 (C/W)" description="" />
   <keyValuePair key="toggle_rate" value="False" description="" />
   <keyValuePair key="user_board_temp" value="25.0 (C)" description="" />
   <keyValuePair key="user_effective_thetaja" value="11.53" description="" />
   <keyValuePair key="user_junc_temp" value="26.7 (C)" description="" />
   <keyValuePair key="user_thetajb" value="7.4 (C/W)" description="" />
   <keyValuePair key="user_thetasa" value="0.0 (C/W)" description="" />
   <keyValuePair key="vccadc_dynamic_current" value="0.000000" description="" />
   <keyValuePair key="vccadc_static_current" value="0.020000" description="" />
   <keyValuePair key="vccadc_total_current" value="0.020000" description="" />
   <keyValuePair key="vccadc_voltage" value="1.800000" description="" />
   <keyValuePair key="vccaux_dynamic_current" value="0.001016" description="" />
   <keyValuePair key="vccaux_io_dynamic_current" value="0.000000" description="" />
   <keyValuePair key="vccaux_io_static_current" value="0.000000" description="" />
   <keyValuePair key="vccaux_io_total_current" value="0.000000" description="" />
   <keyValuePair key="vccaux_io_voltage" value="1.800000" description="" />
   <keyValuePair key="vccaux_static_current" value="0.010341" description="" />
   <keyValuePair key="vccaux_total_current" value="0.011357" description="" />
   <keyValuePair key="vccaux_voltage" value="1.800000" description="" />
   <keyValuePair key="vccbram_dynamic_current" value="0.000000" description="" />
   <keyValuePair key="vccbram_static_current" value="0.000447" description="" />
   <keyValuePair key="vccbram_total_current" value="0.000447" description="" />
   <keyValuePair key="vccbram_voltage" value="1.000000" description="" />
   <keyValuePair key="vccint_dynamic_current" value="0.012205" description="" />
   <keyValuePair key="vccint_static_current" value="0.007541" description="" />
   <keyValuePair key="vccint_total_current" value="0.019746" description="" />
   <keyValuePair key="vccint_voltage" value="1.000000" description="" />
   <keyValuePair key="vcco12_dynamic_current" value="0.000000" description="" />
   <keyValuePair key="vcco12_static_current" value="0.000000" description="" />
   <keyValuePair key="vcco12_total_current" value="0.000000" description="" />
   <keyValuePair key="vcco12_voltage" value="1.200000" description="" />
   <keyValuePair key="vcco135_dynamic_current" value="0.000000" description="" />
   <keyValuePair key="vcco135_static_current" value="0.000000" description="" />
   <keyValuePair key="vcco135_total_current" value="0.000000" description="" />
   <keyValuePair key="vcco135_voltage" value="1.350000" description="" />
   <keyValuePair key="vcco15_dynamic_current" value="0.000000" description="" />
   <keyValuePair key="vcco15_static_current" value="0.000000" description="" />
   <keyValuePair key="vcco15_total_current" value="0.000000" description="" />
   <keyValuePair key="vcco15_voltage" value="1.500000" description="" />
   <keyValuePair key="vcco18_dynamic_current" value="0.000000" description="" />
   <keyValuePair key="vcco18_static_current" value="0.000000" description="" />
   <keyValuePair key="vcco18_total_current" value="0.000000" description="" />
   <keyValuePair key="vcco18_voltage" value="1.800000" description="" />
   <keyValuePair key="vcco25_dynamic_current" value="0.000000" description="" />
   <keyValuePair key="vcco25_static_current" value="0.000000" description="" />
   <keyValuePair key="vcco25_total_current" value="0.000000" description="" />
   <keyValuePair key="vcco25_voltage" value="2.500000" description="" />
   <keyValuePair key="vcco33_dynamic_current" value="0.007847" description="" />
   <keyValuePair key="vcco33_static_current" value="0.001000" description="" />
   <keyValuePair key="vcco33_total_current" value="0.008847" description="" />
   <keyValuePair key="vcco33_voltage" value="3.300000" description="" />
   <keyValuePair key="vcco_ddr_dynamic_current" value="0.000000" description="" />
   <keyValuePair key="vcco_ddr_static_current" value="0.000000" description="" />
   <keyValuePair key="vcco_ddr_total_current" value="0.000000" description="" />
   <keyValuePair key="vcco_ddr_voltage" value="1.500000" description="" />
   <keyValuePair key="vcco_mio0_dynamic_current" value="0.000000" description="" />
   <keyValuePair key="vcco_mio0_static_current" value="0.000000" description="" />
   <keyValuePair key="vcco_mio0_total_current" value="0.000000" description="" />
   <keyValuePair key="vcco_mio0_voltage" value="1.800000" description="" />
   <keyValuePair key="vcco_mio1_dynamic_current" value="0.000000" description="" />
   <keyValuePair key="vcco_mio1_static_current" value="0.000000" description="" />
   <keyValuePair key="vcco_mio1_total_current" value="0.000000" description="" />
   <keyValuePair key="vcco_mio1_voltage" value="1.800000" description="" />
   <keyValuePair key="vccpaux_dynamic_current" value="0.000000" description="" />
   <keyValuePair key="vccpaux_static_current" value="0.010330" description="" />
   <keyValuePair key="vccpaux_total_current" value="0.010330" description="" />
   <keyValuePair key="vccpaux_voltage" value="1.800000" description="" />
   <keyValuePair key="vccpint_dynamic_current" value="0.000000" description="" />
   <keyValuePair key="vccpint_static_current" value="0.016547" description="" />
   <keyValuePair key="vccpint_total_current" value="0.016547" description="" />
   <keyValuePair key="vccpint_voltage" value="1.000000" description="" />
   <keyValuePair key="vccpll_dynamic_current" value="0.000000" description="" />
   <keyValuePair key="vccpll_static_current" value="0.003000" description="" />
   <keyValuePair key="vccpll_total_current" value="0.003000" description="" />
   <keyValuePair key="vccpll_voltage" value="1.800000" description="" />
   <keyValuePair key="version" value="2020.2" description="" />
  </section>
 </section>
 <section name="report_utilization" level="1" order="8" description="">
  <section name="clocking" level="2" order="1" description="">
   <keyValuePair key="bufgctrl_available" value="32" description="" />
   <keyValuePair key="bufgctrl_fixed" value="0" description="" />
   <keyValuePair key="bufgctrl_used" value="1" description="" />
   <keyValuePair key="bufgctrl_util_percentage" value="3.13" description="" />
   <keyValuePair key="bufhce_available" value="72" description="" />
   <keyValuePair key="bufhce_fixed" value="0" description="" />
   <keyValuePair key="bufhce_used" value="0" description="" />
   <keyValuePair key="bufhce_util_percentage" value="0.00" description="" />
   <keyValuePair key="bufio_available" value="16" description="" />
   <keyValuePair key="bufio_fixed" value="0" description="" />
   <keyValuePair key="bufio_used" value="0" description="" />
   <keyValuePair key="bufio_util_percentage" value="0.00" description="" />
   <keyValuePair key="bufmrce_available" value="8" description="" />
   <keyValuePair key="bufmrce_fixed" value="0" description="" />
   <keyValuePair key="bufmrce_used" value="0" description="" />
   <keyValuePair key="bufmrce_util_percentage" value="0.00" description="" />
   <keyValuePair key="bufr_available" value="16" description="" />
   <keyValuePair key="bufr_fixed" value="0" description="" />
   <keyValuePair key="bufr_used" value="0" description="" />
   <keyValuePair key="bufr_util_percentage" value="0.00" description="" />
   <keyValuePair key="mmcme2_adv_available" value="4" description="" />
   <keyValuePair key="mmcme2_adv_fixed" value="0" description="" />
   <keyValuePair key="mmcme2_adv_used" value="0" description="" />
   <keyValuePair key="mmcme2_adv_util_percentage" value="0.00" description="" />
   <keyValuePair key="plle2_adv_available" value="4" description="" />
   <keyValuePair key="plle2_adv_fixed" value="0" description="" />
   <keyValuePair key="plle2_adv_used" value="0" description="" />
   <keyValuePair key="plle2_adv_util_percentage" value="0.00" description="" />
  </section>
  <section name="dsp" level="2" order="2" description="">
   <keyValuePair key="dsps_available" value="220" description="" />
   <keyValuePair key="dsps_fixed" value="0" description="" />
   <keyValuePair key="dsps_used" value="0" description="" />
   <keyValuePair key="dsps_util_percentage" value="0.00" description="" />
  </section>
  <section name="io_standard" level="2" order="3" description="">
   <keyValuePair key="blvds_25" value="0" description="" />
   <keyValuePair key="diff_hstl_i" value="0" description="" />
   <keyValuePair key="diff_hstl_i_18" value="0" description="" />
   <keyValuePair key="diff_hstl_ii" value="0" description="" />
   <keyValuePair key="diff_hstl_ii_18" value="0" description="" />
   <keyValuePair key="diff_hsul_12" value="0" description="" />
   <keyValuePair key="diff_mobile_ddr" value="0" description="" />
   <keyValuePair key="diff_sstl135" value="0" description="" />
   <keyValuePair key="diff_sstl135_r" value="0" description="" />
   <keyValuePair key="diff_sstl15" value="0" description="" />
   <keyValuePair key="diff_sstl15_r" value="0" description="" />
   <keyValuePair key="diff_sstl18_i" value="0" description="" />
   <keyValuePair key="diff_sstl18_ii" value="0" description="" />
   <keyValuePair key="hstl_i" value="0" description="" />
   <keyValuePair key="hstl_i_18" value="0" description="" />
   <keyValuePair key="hstl_ii" value="0" description="" />
   <keyValuePair key="hstl_ii_18" value="0" description="" />
   <keyValuePair key="hsul_12" value="0" description="" />
   <keyValuePair key="lvcmos12" value="0" description="" />
   <keyValuePair key="lvcmos15" value="0" description="" />
   <keyValuePair key="lvcmos18" value="0" description="" />
   <keyValuePair key="lvcmos25" value="0" description="" />
   <keyValuePair key="lvcmos33" value="1" description="" />
   <keyValuePair key="lvds_25" value="0" description="" />
   <keyValuePair key="lvttl" value="0" description="" />
   <keyValuePair key="mini_lvds_25" value="0" description="" />
   <keyValuePair key="mobile_ddr" value="0" description="" />
   <keyValuePair key="pci33_3" value="0" description="" />
   <keyValuePair key="ppds_25" value="0" description="" />
   <keyValuePair key="rsds_25" value="0" description="" />
   <keyValuePair key="sstl135" value="0" description="" />
   <keyValuePair key="sstl135_r" value="0" description="" />
   <keyValuePair key="sstl15" value="0" description="" />
   <keyValuePair key="sstl15_r" value="0" description="" />
   <keyValuePair key="sstl18_i" value="0" description="" />
   <keyValuePair key="sstl18_ii" value="0" description="" />
   <keyValuePair key="tmds_33" value="0" description="" />
  </section>
  <section name="memory" level="2" order="4" description="">
   <keyValuePair key="block_ram_tile_available" value="140" description="" />
   <keyValuePair key="block_ram_tile_fixed" value="0" description="" />
   <keyValuePair key="block_ram_tile_used" value="0" description="" />
   <keyValuePair key="block_ram_tile_util_percentage" value="0.00" description="" />
   <keyValuePair key="ramb18_available" value="280" description="" />
   <keyValuePair key="ramb18_fixed" value="0" description="" />
   <keyValuePair key="ramb18_used" value="0" description="" />
   <keyValuePair key="ramb18_util_percentage" value="0.00" description="" />
   <keyValuePair key="ramb36_fifo_available" value="140" description="" />
   <keyValuePair key="ramb36_fifo_fixed" value="0" description="" />
   <keyValuePair key="ramb36_fifo_used" value="0" description="" />
   <keyValuePair key="ramb36_fifo_util_percentage" value="0.00" description="" />
  </section>
  <section name="primitives" level="2" order="5" description="">
   <keyValuePair key="bufg_functional_category" value="Clock" description="" />
   <keyValuePair key="bufg_used" value="1" description="" />
   <keyValuePair key="carry4_functional_category" value="CarryLogic" description="" />
   <keyValuePair key="carry4_used" value="33" description="" />
   <keyValuePair key="fdce_functional_category" value="Flop &amp; Latch" description="" />
   <keyValuePair key="fdce_used" value="133" description="" />
   <keyValuePair key="fdre_functional_category" value="Flop &amp; Latch" description="" />
   <keyValuePair key="fdre_used" value="419" description="" />
   <keyValuePair key="fdse_functional_category" value="Flop &amp; Latch" description="" />
   <keyValuePair key="fdse_used" value="4" description="" />
   <keyValuePair key="ibuf_functional_category" value="IO" description="" />
   <keyValuePair key="ibuf_used" value="14" description="" />
   <keyValuePair key="lut1_functional_category" value="LUT" description="" />
   <keyValuePair key="lut1_used" value="21" description="" />
   <keyValuePair key="lut2_functional_category" value="LUT" description="" />
   <keyValuePair key="lut2_used" value="148" description="" />
   <keyValuePair key="lut3_functional_category" value="LUT" description="" />
   <keyValuePair key="lut3_used" value="119" description="" />
   <keyValuePair key="lut4_functional_category" value="LUT" description="" />
   <keyValuePair key="lut4_used" value="167" description="" />
   <keyValuePair key="lut5_functional_category" value="LUT" description="" />
   <keyValuePair key="lut5_used" value="207" description="" />
   <keyValuePair key="lut6_functional_category" value="LUT" description="" />
   <keyValuePair key="lut6_used" value="504" description="" />
   <keyValuePair key="muxf7_functional_category" value="MuxFx" description="" />
   <keyValuePair key="muxf7_used" value="16" description="" />
   <keyValuePair key="obuf_functional_category" value="IO" description="" />
   <keyValuePair key="obuf_used" value="19" description="" />
  </section>
  <section name="slice_logic" level="2" order="6" description="">
   <keyValuePair key="f7_muxes_available" value="26600" description="" />
   <keyValuePair key="f7_muxes_fixed" value="0" description="" />
   <keyValuePair key="f7_muxes_used" value="16" description="" />
   <keyValuePair key="f7_muxes_util_percentage" value="0.06" description="" />
   <keyValuePair key="f8_muxes_available" value="13300" description="" />
   <keyValuePair key="f8_muxes_fixed" value="0" description="" />
   <keyValuePair key="f8_muxes_used" value="0" description="" />
   <keyValuePair key="f8_muxes_util_percentage" value="0.00" description="" />
   <keyValuePair key="lut_as_distributed_ram_fixed" value="0" description="" />
   <keyValuePair key="lut_as_distributed_ram_used" value="0" description="" />
   <keyValuePair key="lut_as_logic_available" value="53200" description="" />
   <keyValuePair key="lut_as_logic_available" value="53200" description="" />
   <keyValuePair key="lut_as_logic_fixed" value="0" description="" />
   <keyValuePair key="lut_as_logic_fixed" value="0" description="" />
   <keyValuePair key="lut_as_logic_used" value="953" description="" />
   <keyValuePair key="lut_as_logic_used" value="953" description="" />
   <keyValuePair key="lut_as_logic_util_percentage" value="1.79" description="" />
   <keyValuePair key="lut_as_logic_util_percentage" value="1.79" description="" />
   <keyValuePair key="lut_as_memory_available" value="17400" description="" />
   <keyValuePair key="lut_as_memory_available" value="17400" description="" />
   <keyValuePair key="lut_as_memory_fixed" value="0" description="" />
   <keyValuePair key="lut_as_memory_fixed" value="0" description="" />
   <keyValuePair key="lut_as_memory_used" value="0" description="" />
   <keyValuePair key="lut_as_memory_used" value="0" description="" />
   <keyValuePair key="lut_as_memory_util_percentage" value="0.00" description="" />
   <keyValuePair key="lut_as_memory_util_percentage" value="0.00" description="" />
   <keyValuePair key="lut_as_shift_register_fixed" value="0" description="" />
   <keyValuePair key="lut_as_shift_register_used" value="0" description="" />
   <keyValuePair key="lut_in_front_of_the_register_is_unused_fixed" value="0" description="" />
   <keyValuePair key="lut_in_front_of_the_register_is_unused_used" value="42" description="" />
   <keyValuePair key="lut_in_front_of_the_register_is_used_fixed" value="42" description="" />
   <keyValuePair key="lut_in_front_of_the_register_is_used_used" value="64" description="" />
   <keyValuePair key="register_as_flip_flop_available" value="106400" description="" />
   <keyValuePair key="register_as_flip_flop_fixed" value="0" description="" />
   <keyValuePair key="register_as_flip_flop_used" value="556" description="" />
   <keyValuePair key="register_as_flip_flop_util_percentage" value="0.52" description="" />
   <keyValuePair key="register_as_latch_available" value="106400" description="" />
   <keyValuePair key="register_as_latch_fixed" value="0" description="" />
   <keyValuePair key="register_as_latch_used" value="0" description="" />
   <keyValuePair key="register_as_latch_util_percentage" value="0.00" description="" />
   <keyValuePair key="register_driven_from_outside_the_slice_fixed" value="64" description="" />
   <keyValuePair key="register_driven_from_outside_the_slice_used" value="106" description="" />
   <keyValuePair key="register_driven_from_within_the_slice_fixed" value="106" description="" />
   <keyValuePair key="register_driven_from_within_the_slice_used" value="450" description="" />
   <keyValuePair key="slice_available" value="13300" description="" />
   <keyValuePair key="slice_fixed" value="0" description="" />
   <keyValuePair key="slice_luts_available" value="53200" description="" />
   <keyValuePair key="slice_luts_fixed" value="0" description="" />
   <keyValuePair key="slice_luts_used" value="953" description="" />
   <keyValuePair key="slice_luts_util_percentage" value="1.79" description="" />
   <keyValuePair key="slice_registers_available" value="106400" description="" />
   <keyValuePair key="slice_registers_available" value="106400" description="" />
   <keyValuePair key="slice_registers_fixed" value="0" description="" />
   <keyValuePair key="slice_registers_fixed" value="0" description="" />
   <keyValuePair key="slice_registers_used" value="556" description="" />
   <keyValuePair key="slice_registers_used" value="556" description="" />
   <keyValuePair key="slice_registers_util_percentage" value="0.52" description="" />
   <keyValuePair key="slice_registers_util_percentage" value="0.52" description="" />
   <keyValuePair key="slice_used" value="308" description="" />
   <keyValuePair key="slice_util_percentage" value="2.32" description="" />
   <keyValuePair key="slicel_fixed" value="0" description="" />
   <keyValuePair key="slicel_used" value="151" description="" />
   <keyValuePair key="slicem_fixed" value="0" description="" />
   <keyValuePair key="slicem_used" value="157" description="" />
   <keyValuePair key="unique_control_sets_available" value="13300" description="" />
   <keyValuePair key="unique_control_sets_fixed" value="13300" description="" />
   <keyValuePair key="unique_control_sets_used" value="46" description="" />
   <keyValuePair key="unique_control_sets_util_percentage" value="0.35" description="" />
   <keyValuePair key="using_o5_and_o6_fixed" value="0.35" description="" />
   <keyValuePair key="using_o5_and_o6_used" value="213" description="" />
   <keyValuePair key="using_o5_output_only_fixed" value="213" description="" />
   <keyValuePair key="using_o5_output_only_used" value="1" description="" />
   <keyValuePair key="using_o6_output_only_fixed" value="1" description="" />
   <keyValuePair key="using_o6_output_only_used" value="739" description="" />
  </section>
  <section name="specific_feature" level="2" order="7" description="">
   <keyValuePair key="bscane2_available" value="4" description="" />
   <keyValuePair key="bscane2_fixed" value="0" description="" />
   <keyValuePair key="bscane2_used" value="0" description="" />
   <keyValuePair key="bscane2_util_percentage" value="0.00" description="" />
   <keyValuePair key="capturee2_available" value="1" description="" />
   <keyValuePair key="capturee2_fixed" value="0" description="" />
   <keyValuePair key="capturee2_used" value="0" description="" />
   <keyValuePair key="capturee2_util_percentage" value="0.00" description="" />
   <keyValuePair key="dna_port_available" value="1" description="" />
   <keyValuePair key="dna_port_fixed" value="0" description="" />
   <keyValuePair key="dna_port_used" value="0" description="" />
   <keyValuePair key="dna_port_util_percentage" value="0.00" description="" />
   <keyValuePair key="efuse_usr_available" value="1" description="" />
   <keyValuePair key="efuse_usr_fixed" value="0" description="" />
   <keyValuePair key="efuse_usr_used" value="0" description="" />
   <keyValuePair key="efuse_usr_util_percentage" value="0.00" description="" />
   <keyValuePair key="frame_ecce2_available" value="1" description="" />
   <keyValuePair key="frame_ecce2_fixed" value="0" description="" />
   <keyValuePair key="frame_ecce2_used" value="0" description="" />
   <keyValuePair key="frame_ecce2_util_percentage" value="0.00" description="" />
   <keyValuePair key="icape2_available" value="2" description="" />
   <keyValuePair key="icape2_fixed" value="0" description="" />
   <keyValuePair key="icape2_used" value="0" description="" />
   <keyValuePair key="icape2_util_percentage" value="0.00" description="" />
   <keyValuePair key="startupe2_available" value="1" description="" />
   <keyValuePair key="startupe2_fixed" value="0" description="" />
   <keyValuePair key="startupe2_used" value="0" description="" />
   <keyValuePair key="startupe2_util_percentage" value="0.00" description="" />
   <keyValuePair key="xadc_available" value="1" description="" />
   <keyValuePair key="xadc_fixed" value="0" description="" />
   <keyValuePair key="xadc_used" value="0" description="" />
   <keyValuePair key="xadc_util_percentage" value="0.00" description="" />
  </section>
 </section>
 <section name="synthesis" level="1" order="9" description="">
  <section name="command_line_options" level="2" order="1" description="">
   <keyValuePair key="-assert" value="default::[not_specified]" description="" />
   <keyValuePair key="-bufg" value="default::12" description="" />
   <keyValuePair key="-cascade_dsp" value="default::auto" description="" />
   <keyValuePair key="-constrset" value="default::[not_specified]" description="" />
   <keyValuePair key="-control_set_opt_threshold" value="default::auto" description="" />
   <keyValuePair key="-debug_log" value="default::[not_specified]" description="" />
   <keyValuePair key="-directive" value="default::default" description="" />
   <keyValuePair key="-fanout_limit" value="default::10000" description="" />
   <keyValuePair key="-flatten_hierarchy" value="default::rebuilt" description="" />
   <keyValuePair key="-fsm_extraction" value="default::auto" description="" />
   <keyValuePair key="-gated_clock_conversion" value="default::off" description="" />
   <keyValuePair key="-generic" value="default::[not_specified]" description="" />
   <keyValuePair key="-include_dirs" value="default::[not_specified]" description="" />
   <keyValuePair key="-keep_equivalent_registers" value="default::[not_specified]" description="" />
   <keyValuePair key="-lint" value="default::[not_specified]" description="" />
   <keyValuePair key="-max_bram" value="default::-1" description="" />
   <keyValuePair key="-max_bram_cascade_height" value="default::-1" description="" />
   <keyValuePair key="-max_dsp" value="default::-1" description="" />
   <keyValuePair key="-max_uram" value="default::-1" description="" />
   <keyValuePair key="-max_uram_cascade_height" value="default::-1" description="" />
   <keyValuePair key="-mode" value="default::default" description="" />
   <keyValuePair key="-name" value="default::[not_specified]" description="" />
   <keyValuePair key="-no_lc" value="default::[not_specified]" description="" />
   <keyValuePair key="-no_srlextract" value="default::[not_specified]" description="" />
   <keyValuePair key="-no_timing_driven" value="default::[not_specified]" description="" />
   <keyValuePair key="-os" value="default::[not_specified]" description="" />
   <keyValuePair key="-part" value="xc7z020clg400-1" description="" />
   <keyValuePair key="-resource_sharing" value="default::auto" description="" />
   <keyValuePair key="-retiming" value="default::[not_specified]" description="" />
   <keyValuePair key="-rtl" value="default::[not_specified]" description="" />
   <keyValuePair key="-rtl_skip_constraints" value="default::[not_specified]" description="" />
   <keyValuePair key="-rtl_skip_ip" value="default::[not_specified]" description="" />
   <keyValuePair key="-seu_protect" value="default::none" description="" />
   <keyValuePair key="-sfcu" value="default::[not_specified]" description="" />
   <keyValuePair key="-shreg_min_size" value="default::3" description="" />
   <keyValuePair key="-top" value="Projet_wrapper" description="" />
   <keyValuePair key="-verilog_define" value="default::[not_specified]" description="" />
  </section>
  <section name="usage" level="2" order="2" description="">
   <keyValuePair key="elapsed" value="00:00:24s" description="" />
   <keyValuePair key="hls_ip" value="0" description="" />
   <keyValuePair key="memory_gain" value="0.000MB" description="" />
   <keyValuePair key="memory_peak" value="999.699MB" description="" />
  </section>
 </section>
 <section name="unisim_transformation" level="1" order="10" description="">
  <section name="post_unisim_transformation" level="2" order="1" description="">
   <keyValuePair key="carry4" value="33" description="" />
   <keyValuePair key="fdce" value="133" description="" />
   <keyValuePair key="fdre" value="427" description="" />
   <keyValuePair key="fdse" value="4" description="" />
   <keyValuePair key="gnd" value="28" description="" />
   <keyValuePair key="ibuf" value="14" description="" />
   <keyValuePair key="lut1" value="22" description="" />
   <keyValuePair key="lut2" value="154" description="" />
   <keyValuePair key="lut3" value="114" description="" />
   <keyValuePair key="lut4" value="168" description="" />
   <keyValuePair key="lut5" value="198" description="" />
   <keyValuePair key="lut6" value="518" description="" />
   <keyValuePair key="muxf7" value="16" description="" />
   <keyValuePair key="obuf" value="19" description="" />
   <keyValuePair key="vcc" value="24" description="" />
  </section>
  <section name="pre_unisim_transformation" level="2" order="2" description="">
   <keyValuePair key="carry4" value="33" description="" />
   <keyValuePair key="fdce" value="133" description="" />
   <keyValuePair key="fdre" value="427" description="" />
   <keyValuePair key="fdse" value="4" description="" />
   <keyValuePair key="gnd" value="28" description="" />
   <keyValuePair key="ibuf" value="14" description="" />
   <keyValuePair key="lut1" value="22" description="" />
   <keyValuePair key="lut2" value="154" description="" />
   <keyValuePair key="lut3" value="114" description="" />
   <keyValuePair key="lut4" value="168" description="" />
   <keyValuePair key="lut5" value="198" description="" />
   <keyValuePair key="lut6" value="518" description="" />
   <keyValuePair key="muxf7" value="16" description="" />
   <keyValuePair key="obuf" value="19" description="" />
   <keyValuePair key="vcc" value="24" description="" />
  </section>
 </section>
 <section name="vivado_usage" level="1" order="11" description="">
  <section name="gui_handlers" level="2" order="1" description="">
   <keyValuePair key="abstractcombinedpanel_add_element" value="8" description="" />
   <keyValuePair key="basedialog_cancel" value="4" description="" />
   <keyValuePair key="basedialog_ok" value="218" description="" />
   <keyValuePair key="basedialog_yes" value="63" description="" />
   <keyValuePair key="cmdmsgdialog_messages" value="2" description="" />
   <keyValuePair key="cmdmsgdialog_ok" value="53" description="" />
   <keyValuePair key="confirmsavetexteditsdialog_no" value="2" description="" />
   <keyValuePair key="confirmsavetexteditsdialog_yes" value="1" description="" />
   <keyValuePair key="coretreetablepanel_core_tree_table" value="3" description="" />
   <keyValuePair key="creatersbportdialog_direction" value="3" description="" />
   <keyValuePair key="creatersbportdialog_port_name" value="17" description="" />
   <keyValuePair key="createsrcfiledialog_file_name" value="9" description="" />
   <keyValuePair key="definemodulesdialog_architecture_name" value="3" description="" />
   <keyValuePair key="definemodulesdialog_define_modules_and_specify_io_ports" value="26" description="" />
   <keyValuePair key="filesetpanel_file_set_panel_tree" value="528" description="" />
   <keyValuePair key="floatingtopdialog_ignore_and_continue_with_invalid_top" value="1" description="" />
   <keyValuePair key="flownavigatortreepanel_flow_navigator_tree" value="142" description="" />
   <keyValuePair key="gettingstartedview_open_project" value="6" description="" />
   <keyValuePair key="graphicalview_zoom_fit" value="84" description="" />
   <keyValuePair key="graphicalview_zoom_in" value="7" description="" />
   <keyValuePair key="graphicalview_zoom_out" value="47" description="" />
   <keyValuePair key="hpopuptitle_close" value="3" description="" />
   <keyValuePair key="htree_collapse_all" value="1" description="" />
   <keyValuePair key="ipicomponentname_component_name" value="1" description="" />
   <keyValuePair key="mainmenumgr_edit" value="2" description="" />
   <keyValuePair key="mainmenumgr_file" value="2" description="" />
   <keyValuePair key="mainmenumgr_flow" value="2" description="" />
   <keyValuePair key="mainmenumgr_help" value="2" description="" />
   <keyValuePair key="mainmenumgr_reports" value="2" description="" />
   <keyValuePair key="mainmenumgr_tools" value="2" description="" />
   <keyValuePair key="mainmenumgr_view" value="2" description="" />
   <keyValuePair key="mainmenumgr_window" value="2" description="" />
   <keyValuePair key="mainwinmenumgr_layout" value="2" description="" />
   <keyValuePair key="msgtreepanel_message_severity" value="1" description="" />
   <keyValuePair key="msgtreepanel_message_view_tree" value="18" description="" />
   <keyValuePair key="msgview_clear_messages_resulting_from_user_executed" value="2" description="" />
   <keyValuePair key="msgview_critical_warnings" value="3" description="" />
   <keyValuePair key="msgview_error_messages" value="1" description="" />
   <keyValuePair key="msgview_information_messages" value="1" description="" />
   <keyValuePair key="msgview_warning_messages" value="1" description="" />
   <keyValuePair key="numjobschooser_number_of_jobs" value="2" description="" />
   <keyValuePair key="pacommandnames_add_sources" value="8" description="" />
   <keyValuePair key="pacommandnames_auto_connect_ports" value="1" description="" />
   <keyValuePair key="pacommandnames_auto_connect_target" value="21" description="" />
   <keyValuePair key="pacommandnames_auto_update_hier" value="28" description="" />
   <keyValuePair key="pacommandnames_goto_source" value="17" description="" />
   <keyValuePair key="pacommandnames_open_hardware_manager" value="8" description="" />
   <keyValuePair key="pacommandnames_open_target_wizard" value="1" description="" />
   <keyValuePair key="pacommandnames_refresh_rsb_block" value="1" description="" />
   <keyValuePair key="pacommandnames_regenerate_layout" value="93" description="" />
   <keyValuePair key="pacommandnames_select_area" value="1" description="" />
   <keyValuePair key="pacommandnames_set_as_top" value="18" description="" />
   <keyValuePair key="pacommandnames_simulation_live_break" value="1" description="" />
   <keyValuePair key="pacommandnames_simulation_live_restart" value="1" description="" />
   <keyValuePair key="pacommandnames_simulation_live_run" value="134" description="" />
   <keyValuePair key="pacommandnames_simulation_relaunch" value="71" description="" />
   <keyValuePair key="pacommandnames_simulation_reset" value="4" description="" />
   <keyValuePair key="pacommandnames_simulation_run" value="4" description="" />
   <keyValuePair key="pacommandnames_simulation_run_behavioral" value="45" description="" />
   <keyValuePair key="pacommandnames_simulation_run_post_implementation_timing" value="1" description="" />
   <keyValuePair key="pacommandnames_simulation_run_post_synthesis_functional" value="1" description="" />
   <keyValuePair key="pacommandnames_toggle_view_nav" value="1" description="" />
   <keyValuePair key="pacommandnames_zoom_fit" value="13" description="" />
   <keyValuePair key="pacommandnames_zoom_in" value="1" description="" />
   <keyValuePair key="pacommandnames_zoom_out" value="3" description="" />
   <keyValuePair key="paviews_code" value="56" description="" />
   <keyValuePair key="paviews_project_summary" value="25" description="" />
   <keyValuePair key="paviews_schematic" value="1" description="" />
   <keyValuePair key="paviews_system" value="5" description="" />
   <keyValuePair key="planaheadtab_refresh_changed_modules" value="154" description="" />
   <keyValuePair key="planaheadtab_show_flow_navigator" value="1" description="" />
   <keyValuePair key="programdebugtab_open_target" value="22" description="" />
   <keyValuePair key="programdebugtab_program_device" value="56" description="" />
   <keyValuePair key="programfpgadialog_program" value="57" description="" />
   <keyValuePair key="progressdialog_background" value="29" description="" />
   <keyValuePair key="progressdialog_cancel" value="1" description="" />
   <keyValuePair key="quickhelp_help" value="2" description="" />
   <keyValuePair key="rdicommands_delete" value="2" description="" />
   <keyValuePair key="rdicommands_line_comment" value="9" description="" />
   <keyValuePair key="rdicommands_redo" value="25" description="" />
   <keyValuePair key="rdicommands_save_file" value="253" description="" />
   <keyValuePair key="rdicommands_undo" value="18" description="" />
   <keyValuePair key="rdiviews_waveform_viewer" value="201" description="" />
   <keyValuePair key="rsbaddmoduledialog_module_list" value="2" description="" />
   <keyValuePair key="rsbblockproppanels_name" value="1" description="" />
   <keyValuePair key="saveprojectutils_save" value="17" description="" />
   <keyValuePair key="selectmenu_highlight" value="14" description="" />
   <keyValuePair key="simulationliverunforcomp_specify_time_and_units" value="14" description="" />
   <keyValuePair key="simulationobjectspanel_simulation_objects_tree_table" value="69" description="" />
   <keyValuePair key="simulationscopespanel_simulate_scope_table" value="18" description="" />
   <keyValuePair key="srcchooserpanel_add_or_create_source_file" value="1" description="" />
   <keyValuePair key="srcchooserpanel_create_file" value="9" description="" />
   <keyValuePair key="srcmenu_ip_hierarchy" value="28" description="" />
   <keyValuePair key="stalemoreaction_out_of_date_details" value="1" description="" />
   <keyValuePair key="syntheticagettingstartedview_recent_projects" value="13" description="" />
   <keyValuePair key="syntheticastatemonitor_cancel" value="1" description="" />
   <keyValuePair key="systembuildermenu_add_module" value="2" description="" />
   <keyValuePair key="systembuildermenu_create_port" value="17" description="" />
   <keyValuePair key="systembuilderview_add_ip" value="3" description="" />
   <keyValuePair key="systembuilderview_orientation" value="9" description="" />
   <keyValuePair key="systembuilderview_pinning" value="36" description="" />
   <keyValuePair key="systemtreeview_system_tree" value="1" description="" />
   <keyValuePair key="taskbanner_close" value="52" description="" />
   <keyValuePair key="touchpointsurveydialog_no" value="2" description="" />
   <keyValuePair key="waveformnametree_waveform_name_tree" value="42" description="" />
  </section>
  <section name="java_command_handlers" level="2" order="2" description="">
   <keyValuePair key="addsources" value="9" description="" />
   <keyValuePair key="autoconnecttarget" value="21" description="" />
   <keyValuePair key="closeproject" value="1" description="" />
   <keyValuePair key="createblockdesign" value="2" description="" />
   <keyValuePair key="customizersbblock" value="5" description="" />
   <keyValuePair key="editdelete" value="21" description="" />
   <keyValuePair key="editpaste" value="1" description="" />
   <keyValuePair key="editundo" value="18" description="" />
   <keyValuePair key="exitapp" value="20" description="" />
   <keyValuePair key="highglightdefaultcolor" value="1" description="" />
   <keyValuePair key="launchopentarget" value="1" description="" />
   <keyValuePair key="launchprogramfpga" value="57" description="" />
   <keyValuePair key="openblockdesign" value="16" description="" />
   <keyValuePair key="openhardwaremanager" value="51" description="" />
   <keyValuePair key="openproject" value="6" description="" />
   <keyValuePair key="openrecenttarget" value="2" description="" />
   <keyValuePair key="programdevice" value="2" description="" />
   <keyValuePair key="refreshrsbblock" value="1" description="" />
   <keyValuePair key="regeneratersblayout" value="88" description="" />
   <keyValuePair key="runbitgen" value="62" description="" />
   <keyValuePair key="settopnode" value="18" description="" />
   <keyValuePair key="showsource" value="15" description="" />
   <keyValuePair key="showview" value="5" description="" />
   <keyValuePair key="simulationbreak" value="1" description="" />
   <keyValuePair key="simulationrelaunch" value="71" description="" />
   <keyValuePair key="simulationrestart" value="1" description="" />
   <keyValuePair key="simulationrun" value="45" description="" />
   <keyValuePair key="simulationrunfortime" value="130" description="" />
   <keyValuePair key="toggleselectareamode" value="1" description="" />
   <keyValuePair key="toggleviewnavigator" value="1" description="" />
   <keyValuePair key="viewtaskrtlanalysis" value="1" description="" />
   <keyValuePair key="zoomfit" value="13" description="" />
   <keyValuePair key="zoomin" value="1" description="" />
   <keyValuePair key="zoomout" value="3" description="" />
  </section>
  <section name="other_data" level="2" order="3" description="">
   <keyValuePair key="guimode" value="32" description="" />
  </section>
  <section name="project_data" level="2" order="4" description="">
   <keyValuePair key="constraintsetcount" value="1" description="" />
   <keyValuePair key="core_container" value="false" description="" />
   <keyValuePair key="currentimplrun" value="impl_1" description="" />
   <keyValuePair key="currentsynthesisrun" value="synth_1" description="" />
   <keyValuePair key="default_library" value="xil_defaultlib" description="" />
   <keyValuePair key="designmode" value="RTL" description="" />
   <keyValuePair key="export_simulation_activehdl" value="3" description="" />
   <keyValuePair key="export_simulation_ies" value="3" description="" />
   <keyValuePair key="export_simulation_modelsim" value="3" description="" />
   <keyValuePair key="export_simulation_questa" value="3" description="" />
   <keyValuePair key="export_simulation_riviera" value="3" description="" />
   <keyValuePair key="export_simulation_vcs" value="3" description="" />
   <keyValuePair key="export_simulation_xsim" value="3" description="" />
   <keyValuePair key="implstrategy" value="Vivado Implementation Defaults" description="" />
   <keyValuePair key="launch_simulation_activehdl" value="0" description="" />
   <keyValuePair key="launch_simulation_ies" value="0" description="" />
   <keyValuePair key="launch_simulation_modelsim" value="0" description="" />
   <keyValuePair key="launch_simulation_questa" value="0" description="" />
   <keyValuePair key="launch_simulation_riviera" value="0" description="" />
   <keyValuePair key="launch_simulation_vcs" value="0" description="" />
   <keyValuePair key="launch_simulation_xsim" value="202" description="" />
   <keyValuePair key="simulator_language" value="Mixed" description="" />
   <keyValuePair key="srcsetcount" value="11" description="" />
   <keyValuePair key="synthesisstrategy" value="Vivado Synthesis Defaults" description="" />
   <keyValuePair key="target_language" value="VHDL" description="" />
   <keyValuePair key="target_simulator" value="XSim" description="" />
   <keyValuePair key="totalimplruns" value="8" description="" />
   <keyValuePair key="totalsynthesisruns" value="8" description="" />
  </section>
 </section>
 <section name="xsim" level="1" order="12" description="">
  <section name="command_line_options" level="2" order="1" description="">
   <keyValuePair key="-sim_mode" value="behavioral" description="" />
   <keyValuePair key="-sim_type" value="default::" description="" />
  </section>
 </section>
</section>
</webTalkData>
